"","num_obs","median","memory"
"1",16,0.12430655,21021464
"2",32,0.129291449999997,19819032
"3",256,0.57941910000001,20019912
"4",512,1.46415580000001,20249496
"5",1024,1.78724430000001,20708664
"6",2048,2.89768070000001,21626984
"7",4096,5.32489655000001,23463624
