"","num_obs","median","memory"
"1",25,0.109936949999991,4795344
"2",50,0.111436900000015,7626040
"3",100,0.113706400000027,19791736
"4",200,0.14900815,68453136
"5",400,0.475106100000005,263095936
"6",600,0.691226299999997,587498736
"7",800,1.01860810000001,1041661536
"8",1000,1.41478410000001,1625584336
